task,model,rparentheses_colon,period_asterisk,op_semicolon,snake_case-screaming_snake_case,camel_case-pascal_case,rparentheses_period,snake_case-camel_case,op_lsquarebracket,double_plus_rparentheses,period_name,camel_case-snake_case,lparentheses_name,rsquarebracket_rparentheses,lparentheses_rparentheses,snake_case-pascal_case,op_rsquarebracket,rparentheses_semicolon,op_lparentheses,lsquarebracket_name,op_dash,op_all,camel_case-screaming_snake_case,rparentheses_rparentheses,op_name
humanevalexplaindescribe-python,Llama-3.1-8B-Instruct,1.7552447552447552,,,2.351145038167939,,,-0.35877862595419846,1.2580645161290323,,1.9545454545454546,,3.25,1.28,1.92,-0.09923664122137404,1.26,,,1.3846153846153846,1.5909090909090908,9.231707317073171,,1.490566037735849,5.024390243902439
humanevalexplaindescribe-python,Llama-3.2-3B-Instruct,1.7552447552447552,,,2.351145038167939,,,-0.35877862595419846,1.2580645161290323,,1.9545454545454546,,3.25,1.28,1.92,-0.09923664122137404,1.26,,,1.3846153846153846,1.5909090909090908,9.231707317073171,,1.490566037735849,5.024390243902439
humanevalexplaindescribe-python,Llama-3.3-70B-Instruct,1.7552447552447552,,,2.351145038167939,,,-0.35877862595419846,1.2580645161290323,,1.9545454545454546,,3.25,1.28,1.92,-0.09923664122137404,1.26,,,1.3846153846153846,1.5909090909090908,9.231707317073171,,1.490566037735849,5.024390243902439
humanevalexplaindescribe-python,Qwen2.5-Coder-7B-Instruct,1.7552447552447552,,,2.351145038167939,,,-0.35877862595419846,1.2580645161290323,,1.9545454545454546,,3.25,1.28,1.92,-0.09923664122137404,1.26,,,1.3846153846153846,1.5909090909090908,9.231707317073171,,1.490566037735849,5.024390243902439
humanevalexplaindescribe-python,Qwen2.5-Coder-1.5B-Instruct,1.7552447552447552,,,2.351145038167939,,,-0.35877862595419846,1.2580645161290323,,1.9545454545454546,,3.25,1.28,1.92,-0.09923664122137404,1.26,,,1.3846153846153846,1.5909090909090908,9.231707317073171,,1.490566037735849,5.024390243902439
humanevalexplaindescribe-python,Qwen2.5-Coder-32B-Instruct,1.7552447552447552,,,2.351145038167939,,,-0.35877862595419846,1.2580645161290323,,1.9545454545454546,,3.25,1.28,1.92,-0.09923664122137404,1.26,,,1.3846153846153846,1.5909090909090908,9.231707317073171,,1.490566037735849,5.024390243902439
humanevalexplaindescribe-python,deepseek-coder-1.3b-instruct,1.6153846153846154,,,5.206106870229007,,,-2.8244274809160306,1.1935483870967742,,0.06060606060606061,,-0.16463414634146342,1.4,2.24,-2.0229007633587788,1.3,,,-0.05128205128205128,1.0909090909090908,3.5304878048780486,,1.4528301886792452,-0.17682926829268292
humanevalexplaindescribe-python,deepseek-coder-6.7b-instruct,1.6153846153846154,,,5.206106870229007,,,-2.8244274809160306,1.1935483870967742,,0.06060606060606061,,-0.16463414634146342,1.4,2.24,-2.0229007633587788,1.3,,,-0.05128205128205128,1.0909090909090908,3.5304878048780486,,1.4528301886792452,-0.17682926829268292
humanevalexplaindescribe-python,deepseek-coder-33b-instruct,1.6153846153846154,,,5.206106870229007,,,-2.8244274809160306,1.1935483870967742,,0.06060606060606061,,-0.16463414634146342,1.4,2.24,-2.0229007633587788,1.3,,,-0.05128205128205128,1.0909090909090908,3.5304878048780486,,1.4528301886792452,-0.17682926829268292
humanevalexplaindescribe-python,CodeQwen1.5-7B-Chat,1.6223776223776223,,,5.778625954198473,,,-2.5877862595419847,1.096774193548387,,0.0,,0.024390243902439025,1.46,2.24,-1.9236641221374047,1.14,,,-0.0641025641025641,1.1363636363636365,3.7439024390243905,,1.4528301886792452,-0.024390243902439025
humanevalexplaindescribe-python,Qwen2.5-Coder-7B,1.7552447552447552,,,2.351145038167939,,,-0.35877862595419846,1.2580645161290323,,1.9545454545454546,,3.25,1.28,1.92,-0.09923664122137404,1.26,,,1.3846153846153846,1.5909090909090908,9.231707317073171,,1.490566037735849,5.024390243902439
humanevalexplaindescribe-java,Llama-3.1-8B-Instruct,,4.012195121951219,5.408536585365853,,0.23134328358208955,2.4047619047619047,,,1.4,7.615853658536586,0.1865671641791045,3.7195121951219514,,2.5772357723577235,,,4.1603053435114505,1.5223880597014925,,,25.615853658536587,2.537313432835821,2.123809523809524,12.713414634146341
humanevalexplaindescribe-java,Llama-3.2-3B-Instruct,,4.012195121951219,5.408536585365853,,0.23134328358208955,2.4047619047619047,,,1.4,7.615853658536586,0.1865671641791045,3.7195121951219514,,2.5772357723577235,,,4.1603053435114505,1.5223880597014925,,,25.615853658536587,2.537313432835821,2.123809523809524,12.713414634146341
humanevalexplaindescribe-java,Llama-3.3-70B-Instruct,,4.012195121951219,5.408536585365853,,0.23134328358208955,2.4047619047619047,,,1.4,7.615853658536586,0.1865671641791045,3.7195121951219514,,2.5772357723577235,,,4.1603053435114505,1.5223880597014925,,,25.615853658536587,2.537313432835821,2.123809523809524,12.713414634146341
humanevalexplaindescribe-java,Qwen2.5-Coder-7B-Instruct,,4.012195121951219,5.408536585365853,,0.23134328358208955,2.4047619047619047,,,1.4,7.615853658536586,0.1865671641791045,3.7195121951219514,,2.5772357723577235,,,4.1603053435114505,1.5223880597014925,,,25.615853658536587,2.537313432835821,2.123809523809524,12.713414634146341
humanevalexplaindescribe-java,Qwen2.5-Coder-1.5B-Instruct,,4.012195121951219,5.408536585365853,,0.23134328358208955,2.4047619047619047,,,1.4,7.615853658536586,0.1865671641791045,3.7195121951219514,,2.5772357723577235,,,4.1603053435114505,1.5223880597014925,,,25.615853658536587,2.537313432835821,2.123809523809524,12.713414634146341
humanevalexplaindescribe-java,Qwen2.5-Coder-32B-Instruct,,4.012195121951219,5.408536585365853,,0.23134328358208955,2.4047619047619047,,,1.4,7.615853658536586,0.1865671641791045,3.7195121951219514,,2.5772357723577235,,,4.1603053435114505,1.5223880597014925,,,25.615853658536587,2.537313432835821,2.123809523809524,12.713414634146341
humanevalexplaindescribe-java,deepseek-coder-1.3b-instruct,,4.012195121951219,5.085365853658536,,0.8880597014925373,2.380952380952381,,,0.0,0.17682926829268292,2.574626865671642,-0.14634146341463414,,3.048780487804878,,,3.816793893129771,1.0746268656716418,,,11.902439024390244,7.708955223880597,2.038095238095238,0.036585365853658534
humanevalexplaindescribe-java,deepseek-coder-6.7b-instruct,,4.012195121951219,5.085365853658536,,0.8880597014925373,2.380952380952381,,,0.0,0.17682926829268292,2.574626865671642,-0.14634146341463414,,3.048780487804878,,,3.816793893129771,1.0746268656716418,,,11.902439024390244,7.708955223880597,2.038095238095238,0.036585365853658534
humanevalexplaindescribe-java,deepseek-coder-33b-instruct,,4.012195121951219,5.085365853658536,,0.8880597014925373,2.380952380952381,,,0.0,0.17682926829268292,2.574626865671642,-0.14634146341463414,,3.048780487804878,,,3.816793893129771,1.0746268656716418,,,11.902439024390244,7.708955223880597,2.038095238095238,0.036585365853658534
humanevalexplaindescribe-java,CodeQwen1.5-7B-Chat,,2.0060975609756095,3.3963414634146343,,0.7089552238805971,2.380952380952381,,,1.4,0.16463414634146342,2.485074626865672,-0.17073170731707318,,2.910569105691057,,,4.190839694656488,2.1791044776119404,,,10.298780487804878,8.380597014925373,2.0952380952380953,-0.03048780487804878
humanevalexplaindescribe-java,Qwen2.5-Coder-7B,,4.012195121951219,5.408536585365853,,0.23134328358208955,2.4047619047619047,,,1.4,7.615853658536586,0.1865671641791045,3.7195121951219514,,2.5772357723577235,,,4.1603053435114505,1.5223880597014925,,,25.615853658536587,2.537313432835821,2.123809523809524,12.713414634146341
humanevalfixtests-python,Llama-3.1-8B-Instruct,1.7412587412587412,,,2.312977099236641,,,-0.35877862595419846,1.3448275862068966,,1.9692307692307693,,3.207317073170732,1.3125,1.875,-0.0916030534351145,1.2708333333333333,,,1.3333333333333333,1.5,8.975609756097562,,1.4791666666666667,4.902439024390244
humanevalfixtests-python,Llama-3.2-3B-Instruct,1.7412587412587412,,,2.312977099236641,,,-0.35877862595419846,1.3448275862068966,,1.9692307692307693,,3.207317073170732,1.3125,1.875,-0.0916030534351145,1.2708333333333333,,,1.3333333333333333,1.5,8.975609756097562,,1.4791666666666667,4.902439024390244
humanevalfixtests-python,Llama-3.3-70B-Instruct,1.7412587412587412,,,2.312977099236641,,,-0.35877862595419846,1.3448275862068966,,1.9692307692307693,,3.207317073170732,1.3125,1.875,-0.0916030534351145,1.2708333333333333,,,1.3333333333333333,1.5,8.975609756097562,,1.4791666666666667,4.902439024390244
humanevalfixtests-python,Qwen2.5-Coder-7B-Instruct,1.7412587412587412,,,2.312977099236641,,,-0.35877862595419846,1.3448275862068966,,1.9692307692307693,,3.207317073170732,1.3125,1.875,-0.0916030534351145,1.2708333333333333,,,1.3333333333333333,1.5,8.975609756097562,,1.4791666666666667,4.902439024390244
humanevalfixtests-python,Qwen2.5-Coder-1.5B-Instruct,1.7412587412587412,,,2.312977099236641,,,-0.35877862595419846,1.3448275862068966,,1.9692307692307693,,3.207317073170732,1.3125,1.875,-0.0916030534351145,1.2708333333333333,,,1.3333333333333333,1.5,8.975609756097562,,1.4791666666666667,4.902439024390244
humanevalfixtests-python,Qwen2.5-Coder-32B-Instruct,1.7412587412587412,,,2.312977099236641,,,-0.35877862595419846,1.3448275862068966,,1.9692307692307693,,3.207317073170732,1.3125,1.875,-0.0916030534351145,1.2708333333333333,,,1.3333333333333333,1.5,8.975609756097562,,1.4791666666666667,4.902439024390244
humanevalfixtests-python,deepseek-coder-1.3b-instruct,1.5734265734265733,,,5.175572519083969,,,-2.7938931297709924,1.1379310344827587,,0.046153846153846156,,-0.14634146341463414,1.3125,2.2083333333333335,-1.9923664122137406,1.2916666666666667,,,-0.038461538461538464,1.0454545454545454,3.341463414634146,,1.4375,-0.17073170731707318
humanevalfixtests-python,deepseek-coder-6.7b-instruct,1.5734265734265733,,,5.175572519083969,,,-2.7938931297709924,1.1379310344827587,,0.046153846153846156,,-0.14634146341463414,1.3125,2.2083333333333335,-1.9923664122137406,1.2916666666666667,,,-0.038461538461538464,1.0454545454545454,3.341463414634146,,1.4375,-0.17073170731707318
humanevalfixtests-python,deepseek-coder-33b-instruct,1.5734265734265733,,,5.175572519083969,,,-2.7938931297709924,1.1379310344827587,,0.046153846153846156,,-0.14634146341463414,1.3125,2.2083333333333335,-1.9923664122137406,1.2916666666666667,,,-0.038461538461538464,1.0454545454545454,3.341463414634146,,1.4375,-0.17073170731707318
humanevalfixtests-python,CodeQwen1.5-7B-Chat,1.6083916083916083,,,5.717557251908397,,,-2.5572519083969465,1.1724137931034482,,0.015384615384615385,,0.03048780487804878,1.4375,2.2083333333333335,-1.8931297709923665,1.1875,,,-0.05128205128205128,1.0454545454545454,3.6463414634146343,,1.4375,-0.018292682926829267
humanevalfixtests-python,Qwen2.5-Coder-7B,1.7412587412587412,,,2.312977099236641,,,-0.35877862595419846,1.3448275862068966,,1.9692307692307693,,3.207317073170732,1.3125,1.875,-0.0916030534351145,1.2708333333333333,,,1.3333333333333333,1.5,8.975609756097562,,1.4791666666666667,4.902439024390244
humanevalfixtests-java,Llama-3.1-8B-Instruct,,3.9634146341463414,5.2317073170731705,,0.23134328358208955,2.2857142857142856,,,1.3265306122448979,7.347560975609756,0.19402985074626866,3.5365853658536586,,2.5040650406504064,,,4.007692307692308,1.4615384615384615,,,24.628048780487806,2.514925373134328,2.12,12.213414634146341
humanevalfixtests-java,Llama-3.2-3B-Instruct,,3.9634146341463414,5.2317073170731705,,0.23134328358208955,2.2857142857142856,,,1.3265306122448979,7.347560975609756,0.19402985074626866,3.5365853658536586,,2.5040650406504064,,,4.007692307692308,1.4615384615384615,,,24.628048780487806,2.514925373134328,2.12,12.213414634146341
humanevalfixtests-java,Llama-3.3-70B-Instruct,,3.9634146341463414,5.2317073170731705,,0.23134328358208955,2.2857142857142856,,,1.3265306122448979,7.347560975609756,0.19402985074626866,3.5365853658536586,,2.5040650406504064,,,4.007692307692308,1.4615384615384615,,,24.628048780487806,2.514925373134328,2.12,12.213414634146341
humanevalfixtests-java,Qwen2.5-Coder-7B-Instruct,,3.9634146341463414,5.2317073170731705,,0.23134328358208955,2.2857142857142856,,,1.3265306122448979,7.347560975609756,0.19402985074626866,3.5365853658536586,,2.5040650406504064,,,4.007692307692308,1.4615384615384615,,,24.628048780487806,2.514925373134328,2.12,12.213414634146341
humanevalfixtests-java,Qwen2.5-Coder-1.5B-Instruct,,3.9634146341463414,5.2317073170731705,,0.23134328358208955,2.2857142857142856,,,1.3265306122448979,7.347560975609756,0.19402985074626866,3.5365853658536586,,2.5040650406504064,,,4.007692307692308,1.4615384615384615,,,24.628048780487806,2.514925373134328,2.12,12.213414634146341
humanevalfixtests-java,Qwen2.5-Coder-32B-Instruct,,3.9634146341463414,5.2317073170731705,,0.23134328358208955,2.2857142857142856,,,1.3265306122448979,7.347560975609756,0.19402985074626866,3.5365853658536586,,2.5040650406504064,,,4.007692307692308,1.4615384615384615,,,24.628048780487806,2.514925373134328,2.12,12.213414634146341
humanevalfixtests-java,deepseek-coder-1.3b-instruct,,3.9390243902439024,4.878048780487805,,0.8805970149253731,2.2142857142857144,,,0.0,0.1951219512195122,2.544776119402985,-0.12195121951219512,,2.9186991869918697,,,3.6384615384615384,1.0153846153846153,,,11.365853658536585,7.664179104477612,2.01,0.06707317073170732
humanevalfixtests-java,deepseek-coder-6.7b-instruct,,3.9390243902439024,4.878048780487805,,0.8805970149253731,2.2142857142857144,,,0.0,0.1951219512195122,2.544776119402985,-0.12195121951219512,,2.9186991869918697,,,3.6384615384615384,1.0153846153846153,,,11.365853658536585,7.664179104477612,2.01,0.06707317073170732
humanevalfixtests-java,deepseek-coder-33b-instruct,,3.9390243902439024,4.878048780487805,,0.8805970149253731,2.2142857142857144,,,0.0,0.1951219512195122,2.544776119402985,-0.12195121951219512,,2.9186991869918697,,,3.6384615384615384,1.0153846153846153,,,11.365853658536585,7.664179104477612,2.01,0.06707317073170732
humanevalfixtests-java,CodeQwen1.5-7B-Chat,,1.9695121951219512,3.207317073170732,,0.7089552238805971,2.238095238095238,,,1.3061224489795917,0.18902439024390244,2.455223880597015,-0.17682926829268292,,2.7886178861788617,,,3.9923076923076923,2.046153846153846,,,9.731707317073171,8.305970149253731,2.06,-0.024390243902439025
humanevalfixtests-java,Qwen2.5-Coder-7B,,3.9634146341463414,5.2317073170731705,,0.23134328358208955,2.2857142857142856,,,1.3265306122448979,7.347560975609756,0.19402985074626866,3.5365853658536586,,2.5040650406504064,,,4.007692307692308,1.4615384615384615,,,24.628048780487806,2.514925373134328,2.12,12.213414634146341
avatartranslate-python2java,Llama-3.1-8B-Instruct,3.140625,,,3.3529411764705883,,,0.11764705882352941,2.7413793103448274,,2.2200956937799043,,6.872427983539095,1.8666666666666667,5.016393442622951,0.6078431372549019,1.9655172413793103,,,3.4551282051282053,1.28125,25.688524590163933,,2.8133333333333335,11.03688524590164
avatartranslate-python2java,Llama-3.2-3B-Instruct,3.140625,,,3.3529411764705883,,,0.11764705882352941,2.7413793103448274,,2.2200956937799043,,6.872427983539095,1.8666666666666667,5.016393442622951,0.6078431372549019,1.9655172413793103,,,3.4551282051282053,1.28125,25.688524590163933,,2.8133333333333335,11.03688524590164
avatartranslate-python2java,Llama-3.3-70B-Instruct,3.140625,,,3.3529411764705883,,,0.11764705882352941,2.7413793103448274,,2.2200956937799043,,6.872427983539095,1.8666666666666667,5.016393442622951,0.6078431372549019,1.9655172413793103,,,3.4551282051282053,1.28125,25.688524590163933,,2.8133333333333335,11.03688524590164
avatartranslate-python2java,Qwen2.5-Coder-7B-Instruct,3.140625,,,3.3529411764705883,,,0.11764705882352941,2.7413793103448274,,2.2200956937799043,,6.8559670781893,1.8666666666666667,5.016393442622951,0.6078431372549019,1.9655172413793103,,,3.4551282051282053,1.28125,25.672131147540984,,2.8133333333333335,11.020491803278688
avatartranslate-python2java,Qwen2.5-Coder-1.5B-Instruct,3.140625,,,3.3529411764705883,,,0.11764705882352941,2.7413793103448274,,2.2200956937799043,,6.8559670781893,1.8666666666666667,5.016393442622951,0.6078431372549019,1.9655172413793103,,,3.4551282051282053,1.28125,25.672131147540984,,2.8133333333333335,11.020491803278688
avatartranslate-python2java,Qwen2.5-Coder-32B-Instruct,3.140625,,,3.3529411764705883,,,0.11764705882352941,2.7413793103448274,,2.2200956937799043,,6.8559670781893,1.8666666666666667,5.016393442622951,0.6078431372549019,1.9655172413793103,,,3.4551282051282053,1.28125,25.672131147540984,,2.8133333333333335,11.020491803278688
avatartranslate-python2java,deepseek-coder-1.3b-instruct,2.8697916666666665,,,8.882352941176471,,,-6.549019607843137,2.5689655172413794,,-0.019138755980861243,,0.18106995884773663,1.7777777777777777,6.700819672131147,-5.784313725490196,1.5172413793103448,,,0.03205128205128205,1.34375,14.118852459016393,,2.8666666666666667,0.1721311475409836
avatartranslate-python2java,deepseek-coder-6.7b-instruct,2.8697916666666665,,,8.882352941176471,,,-6.549019607843137,2.5689655172413794,,-0.019138755980861243,,0.18106995884773663,1.7777777777777777,6.700819672131147,-5.784313725490196,1.5172413793103448,,,0.03205128205128205,1.34375,14.118852459016393,,2.8666666666666667,0.1721311475409836
avatartranslate-python2java,deepseek-coder-33b-instruct,2.8697916666666665,,,8.882352941176471,,,-6.549019607843137,2.5689655172413794,,-0.019138755980861243,,0.18106995884773663,1.7777777777777777,6.700819672131147,-5.784313725490196,1.5172413793103448,,,0.03205128205128205,1.34375,14.118852459016393,,2.8666666666666667,0.1721311475409836
avatartranslate-python2java,CodeQwen1.5-7B-Chat,2.9114583333333335,,,9.176470588235293,,,-6.117647058823529,2.5,,-0.04784688995215311,,-0.102880658436214,2.011111111111111,6.700819672131147,-5.431372549019608,1.543103448275862,,,0.04487179487179487,1.1875,13.959016393442623,,2.8755555555555556,-0.12704918032786885
avatartranslate-python2java,Qwen2.5-Coder-7B,3.140625,,,3.3529411764705883,,,0.11764705882352941,2.7413793103448274,,2.2200956937799043,,6.8559670781893,1.8666666666666667,5.016393442622951,0.6078431372549019,1.9655172413793103,,,3.4551282051282053,1.28125,25.672131147540984,,2.8133333333333335,11.020491803278688
avatartranslate-java2python,Llama-3.1-8B-Instruct,,2.8661417322834644,12.621951219512194,,0.8108108108108109,1.8958333333333333,,,2.252808988764045,18.882113821138212,0.8783783783783784,7.345528455284553,,5.8861788617886175,,,9.821138211382113,1.5865384615384615,,,58.833333333333336,3.8378378378378377,3.208588957055215,30.19918699186992
avatartranslate-java2python,Llama-3.2-3B-Instruct,,2.8661417322834644,12.621951219512194,,0.8108108108108109,1.8958333333333333,,,2.252808988764045,18.882113821138212,0.8783783783783784,7.345528455284553,,5.8861788617886175,,,9.821138211382113,1.5865384615384615,,,58.833333333333336,3.8378378378378377,3.208588957055215,30.19918699186992
avatartranslate-java2python,Llama-3.3-70B-Instruct,,2.8661417322834644,12.621951219512194,,0.8108108108108109,1.8958333333333333,,,2.252808988764045,18.882113821138212,0.8783783783783784,7.345528455284553,,5.8861788617886175,,,9.821138211382113,1.5865384615384615,,,58.833333333333336,3.8378378378378377,3.208588957055215,30.19918699186992
avatartranslate-java2python,Qwen2.5-Coder-7B-Instruct,,2.8661417322834644,12.621951219512194,,0.8108108108108109,1.8958333333333333,,,2.252808988764045,18.882113821138212,0.8783783783783784,7.345528455284553,,5.8861788617886175,,,9.821138211382113,1.5865384615384615,,,58.833333333333336,3.8378378378378377,3.208588957055215,30.19918699186992
avatartranslate-java2python,Qwen2.5-Coder-1.5B-Instruct,,2.8661417322834644,12.621951219512194,,0.8108108108108109,1.8958333333333333,,,2.252808988764045,18.882113821138212,0.8783783783783784,7.345528455284553,,5.8861788617886175,,,9.821138211382113,1.5865384615384615,,,58.833333333333336,3.8378378378378377,3.208588957055215,30.19918699186992
avatartranslate-java2python,Qwen2.5-Coder-32B-Instruct,,2.8661417322834644,12.621951219512194,,0.8108108108108109,1.8958333333333333,,,2.252808988764045,18.882113821138212,0.8783783783783784,7.345528455284553,,5.8861788617886175,,,9.821138211382113,1.5865384615384615,,,58.833333333333336,3.8378378378378377,3.208588957055215,30.19918699186992
avatartranslate-java2python,deepseek-coder-1.3b-instruct,,2.8661417322834644,11.504065040650406,,0.4155844155844156,1.875,,,0.0,1.5934959349593496,6.701298701298701,0.4024390243902439,,6.8861788617886175,,,9.528455284552846,1.4711538461538463,,,27.353658536585368,16.25974025974026,3.1411042944785277,2.008130081300813
avatartranslate-java2python,deepseek-coder-6.7b-instruct,,2.8661417322834644,11.504065040650406,,0.4155844155844156,1.875,,,0.0,1.5934959349593496,6.701298701298701,0.4024390243902439,,6.8861788617886175,,,9.528455284552846,1.4711538461538463,,,27.353658536585368,16.25974025974026,3.1411042944785277,2.008130081300813
avatartranslate-java2python,deepseek-coder-33b-instruct,,2.8661417322834644,11.504065040650406,,0.4155844155844156,1.875,,,0.0,1.5934959349593496,6.701298701298701,0.4024390243902439,,6.8861788617886175,,,9.528455284552846,1.4711538461538463,,,27.353658536585368,16.25974025974026,3.1411042944785277,2.008130081300813
avatartranslate-java2python,CodeQwen1.5-7B-Chat,,1.4330708661417322,11.699186991869919,,0.7402597402597403,1.8958333333333333,,,2.241573033707865,1.3495934959349594,6.4935064935064934,0.14634146341463414,,6.1138211382113825,,,9.845528455284553,2.2788461538461537,,,28.333333333333332,17.0,3.1533742331288344,1.4593495934959348
avatartranslate-java2python,Qwen2.5-Coder-7B,,2.8661417322834644,12.621951219512194,,0.8108108108108109,1.8958333333333333,,,2.252808988764045,18.882113821138212,0.8783783783783784,7.345528455284553,,5.8861788617886175,,,9.821138211382113,1.5865384615384615,,,58.833333333333336,3.8378378378378377,3.208588957055215,30.19918699186992
codenettranslate-python2java,Llama-3.1-8B-Instruct,3.0275229357798166,,,2.7333333333333334,,,-0.5666666666666667,4.756756756756757,,1.639240506329114,,6.161458333333333,1.9454545454545455,3.76,0.16666666666666666,1.8904109589041096,,,3.4019607843137254,1.763157894736842,21.705,,2.5081081081081082,9.770408163265307
codenettranslate-python2java,Llama-3.2-3B-Instruct,3.0275229357798166,,,2.7333333333333334,,,-0.5666666666666667,4.756756756756757,,1.639240506329114,,6.161458333333333,1.9454545454545455,3.76,0.16666666666666666,1.8904109589041096,,,3.4019607843137254,1.763157894736842,21.705,,2.5081081081081082,9.770408163265307
codenettranslate-python2java,Llama-3.3-70B-Instruct,3.0275229357798166,,,2.7333333333333334,,,-0.5666666666666667,4.756756756756757,,1.639240506329114,,6.161458333333333,1.9454545454545455,3.76,0.16666666666666666,1.8904109589041096,,,3.4019607843137254,1.763157894736842,21.705,,2.5081081081081082,9.770408163265307
codenettranslate-python2java,Qwen2.5-Coder-7B-Instruct,3.0275229357798166,,,2.7333333333333334,,,-0.5666666666666667,4.756756756756757,,1.639240506329114,,6.161458333333333,1.9454545454545455,3.76,0.16666666666666666,1.8904109589041096,,,3.392156862745098,1.763157894736842,21.7,,2.5081081081081082,9.76530612244898
codenettranslate-python2java,Qwen2.5-Coder-1.5B-Instruct,3.0275229357798166,,,2.7333333333333334,,,-0.5666666666666667,4.756756756756757,,1.639240506329114,,6.161458333333333,1.9454545454545455,3.76,0.16666666666666666,1.8904109589041096,,,3.392156862745098,1.763157894736842,21.7,,2.5081081081081082,9.76530612244898
codenettranslate-python2java,Qwen2.5-Coder-32B-Instruct,3.0275229357798166,,,2.7333333333333334,,,-0.5666666666666667,4.756756756756757,,1.639240506329114,,6.161458333333333,1.9454545454545455,3.76,0.16666666666666666,1.8904109589041096,,,3.392156862745098,1.763157894736842,21.7,,2.5081081081081082,9.76530612244898
codenettranslate-python2java,deepseek-coder-1.3b-instruct,2.6605504587155964,,,6.733333333333333,,,-6.9,4.135135135135135,,0.02531645569620253,,0.2552083333333333,1.9454545454545455,5.05,-6.533333333333333,1.6027397260273972,,,0.0,1.3157894736842106,11.54,,2.5513513513513515,0.2857142857142857
codenettranslate-python2java,deepseek-coder-6.7b-instruct,2.6605504587155964,,,6.733333333333333,,,-6.9,4.135135135135135,,0.02531645569620253,,0.2552083333333333,1.9454545454545455,5.05,-6.533333333333333,1.6027397260273972,,,0.0,1.3157894736842106,11.54,,2.5513513513513515,0.2857142857142857
codenettranslate-python2java,deepseek-coder-33b-instruct,2.6605504587155964,,,6.733333333333333,,,-6.9,4.135135135135135,,0.02531645569620253,,0.2552083333333333,1.9454545454545455,5.05,-6.533333333333333,1.6027397260273972,,,0.0,1.3157894736842106,11.54,,2.5513513513513515,0.2857142857142857
codenettranslate-python2java,CodeQwen1.5-7B-Chat,2.761467889908257,,,8.133333333333333,,,-6.6,4.081081081081081,,-0.02531645569620253,,0.07291666666666667,2.1818181818181817,5.05,-6.333333333333333,1.5616438356164384,,,0.0196078431372549,1.263157894736842,11.555,,2.5513513513513515,0.10204081632653061
codenettranslate-python2java,Qwen2.5-Coder-7B,3.0275229357798166,,,2.7333333333333334,,,-0.5666666666666667,4.756756756756757,,1.639240506329114,,6.161458333333333,1.9454545454545455,3.76,0.16666666666666666,1.8904109589041096,,,3.392156862745098,1.763157894736842,21.7,,2.5081081081081082,9.76530612244898
codenettranslate-java2python,Llama-3.1-8B-Instruct,,2.610526315789474,12.445,,1.8524590163934427,1.4181818181818182,,,2.5902777777777777,17.09,2.7049180327868854,7.475,,6.845,,,9.805,1.6181818181818182,,,56.01,6.245901639344262,3.6991150442477876,28.77
codenettranslate-java2python,Llama-3.2-3B-Instruct,,2.610526315789474,12.445,,1.8524590163934427,1.4181818181818182,,,2.5902777777777777,17.09,2.7049180327868854,7.475,,6.845,,,9.805,1.6181818181818182,,,56.01,6.245901639344262,3.6991150442477876,28.77
codenettranslate-java2python,Llama-3.3-70B-Instruct,,2.610526315789474,12.445,,1.8524590163934427,1.4181818181818182,,,2.5902777777777777,17.09,2.7049180327868854,7.475,,6.845,,,9.805,1.6181818181818182,,,56.01,6.245901639344262,3.6991150442477876,28.77
codenettranslate-java2python,Qwen2.5-Coder-7B-Instruct,,2.610526315789474,12.445,,1.8524590163934427,1.4181818181818182,,,2.5902777777777777,17.09,2.7049180327868854,7.475,,6.845,,,9.805,1.6181818181818182,,,56.01,6.245901639344262,3.6991150442477876,28.77
codenettranslate-java2python,Qwen2.5-Coder-1.5B-Instruct,,2.610526315789474,12.445,,1.8524590163934427,1.4181818181818182,,,2.5902777777777777,17.09,2.7049180327868854,7.475,,6.845,,,9.805,1.6181818181818182,,,56.01,6.245901639344262,3.6991150442477876,28.77
codenettranslate-java2python,Qwen2.5-Coder-32B-Instruct,,2.610526315789474,12.445,,1.8524590163934427,1.4181818181818182,,,2.5902777777777777,17.09,2.7049180327868854,7.475,,6.845,,,9.805,1.6181818181818182,,,56.01,6.245901639344262,3.6991150442477876,28.77
codenettranslate-java2python,deepseek-coder-1.3b-instruct,,2.526315789473684,11.035,,0.8360655737704918,1.309090909090909,,,0.0,1.575,11.278688524590164,0.31,,7.15,,,9.005,1.1454545454545455,,,27.585,27.639344262295083,3.3008849557522124,1.88
codenettranslate-java2python,deepseek-coder-6.7b-instruct,,2.526315789473684,11.035,,0.8360655737704918,1.309090909090909,,,0.0,1.575,11.278688524590164,0.31,,7.15,,,9.005,1.1454545454545455,,,27.585,27.639344262295083,3.3008849557522124,1.88
codenettranslate-java2python,deepseek-coder-33b-instruct,,2.526315789473684,11.035,,0.8360655737704918,1.309090909090909,,,0.0,1.575,11.278688524590164,0.31,,7.15,,,9.005,1.1454545454545455,,,27.585,27.639344262295083,3.3008849557522124,1.88
codenettranslate-java2python,CodeQwen1.5-7B-Chat,,1.263157894736842,10.9,,0.8032786885245902,1.3454545454545455,,,2.423611111111111,1.43,11.885245901639344,0.06,,6.57,,,9.105,1.6727272727272726,,,28.585,27.311475409836067,3.3008849557522124,1.445
codenettranslate-java2python,Qwen2.5-Coder-7B,,2.610526315789474,12.445,,1.8524590163934427,1.4181818181818182,,,2.5902777777777777,17.09,2.7049180327868854,7.475,,6.845,,,9.805,1.6181818181818182,,,56.01,6.245901639344262,3.6991150442477876,28.77
